,start_time_snippet,end_time_snippet,event_type,event_timestamp
1,218.98688803699065,221.48688803699065,None,None
2,221.40298295667645,223.90298295667645,Play,222.57
3,223.9140499636116,226.4140499636116,TacklingGame,224.69
4,238.3746977393218,240.8746977393218,Throw-in,239.45
5,242.43630141109472,244.93630141109472,TacklingGame,243.61
6,244.41670860736536,246.91670860736536,Play,245.37
7,265.0480199922133,267.5480199922133,Freekick,266.05
8,266.8875872112627,269.3875872112627,Play,267.85
9,270.3483546001564,272.8483546001564,TacklingGame,270.77
10,296.0282266928518,298.5282266928518,Freekick,296.49
11,298.2818505820038,300.7818505820038,Play,299.73
12,300.4359492352569,302.9359492352569,None,None
13,302.5359325647405,305.0359325647405,Play,303.29
14,304.1342717325924,306.6342717325924,Play,304.93
15,306.20948185385026,308.70948185385026,None,None
16,308.3556757538597,310.8556757538597,Play,309.49
17,312.24351428509755,314.74351428509755,Play,312.77
18,313.38807897293947,315.88807897293947,None,None
19,314.2707612989364,316.7707612989364,Play,316.25
20,319.6576974311142,322.1576974311142,None,None
21,321.25811980949265,323.75811980949265,Play,323.21000000000004
22,324.543826582464,327.043826582464,None,None
23,325.70437127564855,328.20437127564855,Play,327.77
24,328.5262970940818,331.0262970940818,None,None
25,330.9254537374315,333.4254537374315,Play,331.61
26,333.59286647661474,336.09286647661474,Play,334.37
27,337.5090206520196,340.0090206520196,TacklingGame,338.13
28,341.0136511817957,343.5136511817957,TacklingGame,341.45
29,342.80899027706005,345.30899027706005,TacklingGame,343.45000000000005
30,345.21451491583,347.71451491583,Play,346.53
31,367.19689959968696,369.69689959968696,Play,367.97
32,372.89535862386356,375.39535862386356,None,None
33,374.31106652397716,376.81106652397716,Play,376.21000000000004
34,377.9978657362568,380.4978657362568,Play,379.01
35,390.26520315198155,392.76520315198155,None,None
36,391.5937005885954,394.0937005885954,Play,393.45000000000005
37,398.7159371589843,401.2159371589843,TacklingGame,399.21000000000004
38,400.42408338193013,402.92408338193013,Play,401.57000000000005
39,402.45100785038903,404.95100785038903,Play,403.53
40,405.0392791185705,407.5392791185705,None,None
41,407.7597445405779,410.2597445405779,Play,409.41
42,413.3442336894342,415.8442336894342,TacklingGame,413.97
43,415.0086104651032,417.5086104651032,Play,416.17
44,417.75633771307673,420.25633771307673,TacklingGame,418.89
45,419.38194266074186,421.88194266074186,Play,421.45000000000005
46,425.34274866223217,427.84274866223217,None,None
47,427.959980345029,430.459980345029,Play,429.01
48,430.31590166962917,432.81590166962917,Play,431.29
49,432.2329019172498,434.7329019172498,Play,432.97
50,435.3943717334749,437.8943717334749,Play,435.89
51,437.35143295716017,439.85143295716017,None,None
52,440.02909450847596,442.52909450847596,Play,440.97
53,441.95959295694104,444.45959295694104,Play,443.41
54,444.4639618874283,446.9639618874283,None,None
55,446.29295432145886,448.79295432145886,Play,447.65
56,449.3759730330764,451.8759730330764,Play,450.29
57,450.78395173574165,453.28395173574165,Play,452.65
58,456.9279223514682,459.4279223514682,None,None
59,459.04350341625764,461.54350341625764,Play,460.01
60,460.62518831798513,463.12518831798513,None,None
61,465.1304765443542,467.6304765443542,TacklingGame,465.57000000000005
62,482.4276503538255,484.9276503538255,Throw-in,484.17
63,484.65766988240534,487.15766988240534,Play,485.65000000000003
64,487.0062281965711,489.5062281965711,Play,488.57
65,497.4396239618985,499.9396239618985,None,None
66,499.04830831060247,501.54830831060247,Play,500.53000000000003
67,502.2393345097104,504.7393345097104,Play,503.37
68,503.90496161410584,506.40496161410584,None,None
69,506.05562257288597,508.55562257288597,Play,507.41
70,509.8302355247007,512.3302355247007,Play,510.25
71,511.52347617827166,514.0234761782717,Play,513.45
72,516.6267101404876,519.1267101404876,Play,517.09
73,518.3442261804046,520.8442261804046,Play,520.1700000000001
74,522.0721489436096,524.5721489436096,None,None
75,524.1402841532912,526.6402841532912,Play,525.13
76,526.6205957243176,529.1205957243176,Play,528.29
77,528.8205670163998,531.3205670163998,Play,529.37
78,530.3655235064027,532.8655235064027,Play,532.05
79,533.021330915551,535.521330915551,None,None
80,534.1002482921974,536.6002482921974,Play,535.9300000000001
81,539.5421852202164,542.0421852202164,Play,541.33
82,565.465760302091,567.965760302091,Throw-in,566.45
83,566.855527318054,569.355527318054,Play,567.29
84,572.8715393004097,575.3715393004097,Play,573.85
85,575.1768327901236,577.6768327901236,Play,576.6500000000001
86,577.3266021866845,579.8266021866845,None,None
87,579.4256884907415,581.9256884907415,Play,580.13
88,581.0350721688483,583.5350721688483,Play,582.97
89,585.054506342748,587.554506342748,Play,585.73
90,586.1645954268419,588.6645954268419,Play,586.8900000000001
91,589.7299810905229,592.2299810905229,Play,590.1700000000001
92,590.9261749132522,593.4261749132522,Play,591.73
93,594.8593091711164,597.3593091711164,None,None
94,597.2104938499236,599.7104938499236,Play,597.6500000000001
95,599.3382373835666,601.8382373835666,Play,600.4100000000001
96,601.9632511838614,604.4632511838614,Play,602.77
97,607.7369397909132,610.2369397909132,None,None
98,608.7366192468323,611.2366192468323,Play,610.77
99,615.3752491140123,617.8752491140123,TacklingGame,615.8900000000001
100,616.9545456474584,619.4545456474584,None,None
101,618.4743341540624,620.9743341540624,Play,620.37
102,620.864764863207,623.364764863207,Play,621.49
103,624.8667367852084,627.3667367852084,None,None
104,626.5518371222222,629.0518371222222,Play,628.45
105,629.0575230751431,631.5575230751431,None,None
106,630.9305714049698,633.4305714049698,Play,632.49
107,633.355557351517,635.855557351517,None,None
108,634.934247090675,637.434247090675,Play,636.33
109,637.6679612989776,640.1679612989776,Play,638.33
110,638.8528670657482,641.3528670657482,None,None
111,640.7272026029291,643.2272026029291,Play,641.6500000000001
112,643.6332224721511,646.1332224721511,Play,644.77
113,645.7623344585248,648.2623344585248,None,None
114,646.9211621345971,649.4211621345971,Play,648.57
115,649.4344198923551,651.9344198923551,None,None
116,651.3195216908935,653.8195216908935,Play,652.53
117,655.6977590946315,658.1977590946315,Play,657.33
118,658.5549252979839,661.0549252979839,None,None
119,661.2091090424456,663.7091090424456,Play,662.33
120,662.8764555612105,665.3764555612105,None,None
121,665.2098035358796,667.7098035358796,Play,665.73
122,674.2865456963272,676.7865456963272,None,None
123,677.8515672191672,680.3515672191672,Play,679.4100000000001
124,681.2845976459383,683.7845976459383,Play,682.25
125,682.8661484943432,685.3661484943432,Play,684.69
126,685.3650911129536,687.8650911129536,None,None
127,687.4477562470016,689.9477562470016,Play,688.33
128,690.953205610814,693.453205610814,None,None
129,693.7219903580103,696.2219903580103,Play,695.33
130,695.8796878846895,698.3796878846895,None,None
131,698.4214253154121,700.9214253154121,Play,700.21
132,701.7870719891772,704.2870719891772,TacklingGame,702.8900000000001
133,761.3441828285188,763.8441828285188,Freekick,763.4100000000001
134,774.1191980496695,776.6191980496695,Play,774.8100000000001
135,789.0779823095273,791.5779823095273,Throw-in,791.1700000000001
136,791.9766899220778,794.4766899220778,TacklingGame,792.57
137,801.5290135544268,804.0290135544268,Throw-in,803.1700000000001
138,806.7063104353963,809.2063104353963,Play,807.5300000000001
139,818.9457205266998,821.4457205266998,Throw-in,819.4100000000001
140,822.012880343984,824.512880343984,Play,823.69
141,826.3035092271439,828.8035092271439,Play,826.89
142,827.9164611076022,830.4164611076022,None,None
143,830.5164712831621,833.0164712831621,TacklingGame,831.61
144,864.7894993480879,867.2894993480879,None,None
145,866.6828282398445,869.1828282398445,Play,867.8100000000001
146,868.5312375510025,871.0312375510025,Play,870.0500000000001
147,873.4024398418428,875.9024398418428,TacklingGame,873.8100000000001
148,893.63011314365,896.13011314365,Corner,894.97
149,896.3518340600666,898.8518340600666,Play,896.9300000000001
150,902.6773543013937,905.1773543013937,TacklingGame,903.45
151,915.9356428164538,918.4356428164538,Freekick,917.5300000000001
152,920.1334562934942,922.6334562934942,Play,920.85
153,921.7278217181874,924.2278217181874,None,None
154,923.3040597594398,925.8040597594398,Play,924.73
155,926.023873424382,928.523873424382,None,None
156,928.247875435089,930.747875435089,Play,928.85
157,963.298163883481,965.798163883481,TacklingGame,964.4100000000001
158,1207.3289501151535,1209.8289501151535,Play,1207.93
159,1209.1333366444903,1211.6333366444903,Play,1209.89
160,1212.3029322756934,1214.8029322756934,Play,1213.17
161,1214.0111654560956,1216.5111654560956,Play,1214.85
162,1215.5200004658027,1218.0200004658027,None,None
163,1217.8953421790297,1220.3953421790297,Play,1218.3700000000001
164,1219.156394119538,1221.656394119538,Play,1219.77
165,1221.5505535825491,1224.0505535825491,Play,1222.93
166,1226.806603114172,1229.306603114172,Play,1227.49
167,1228.702628437126,1231.202628437126,TacklingGame,1230.77
168,1262.1826771883468,1264.6826771883468,Throw-in,1263.77
169,1285.7522950137375,1288.2522950137375,Throw-in,1286.73
170,1288.4096962329409,1290.9096962329409,TacklingGame,1289.69
171,1303.720626229298,1306.220626229298,Throw-in,1304.77
172,1307.658755121096,1310.158755121096,TacklingGame,1308.1770000000001
173,1308.7982291468754,1311.2982291468754,Play,1310.6100000000001
174,1311.5770799541253,1314.0770799541253,Play,1313.17
175,1314.3011634309755,1316.8011634309755,None,None
176,1317.0389403481922,1319.5389403481922,Play,1318.17
177,1320.2021305601459,1322.7021305601459,None,None
178,1326.524352041728,1329.024352041728,None,None
179,1328.6744836941218,1331.1744836941218,Play,1329.77
180,1379.1663529230443,1381.6663529230443,Play,1380.29
181,1387.2509447542686,1389.7509447542686,Play,1387.97
182,1388.80196794304,1391.30196794304,None,None
183,1395.4585755590028,1397.9585755590028,Play,1396.45
184,1397.0366766715447,1399.5366766715447,None,None
185,1398.4834113402378,1400.9834113402378,Play,1399.8500000000001
186,1400.4293093191702,1402.9293093191702,Play,1400.8500000000001
187,1401.8394465087326,1404.3394465087326,None,None
188,1403.3748551790816,1405.8748551790816,Play,1404.8500000000001
189,1419.7709703729518,1422.2709703729518,Throw-in,1421.13
190,1444.2262697035267,1446.7262697035267,Throw-in,1444.8100000000002
191,1445.8872029507986,1448.3872029507986,TacklingGame,1446.45
192,1477.0666105920186,1479.5666105920186,Throw-in,1477.97
193,1478.4541905853425,1480.9541905853425,TacklingGame,1479.6100000000001
194,1494.113120443366,1496.613120443366,Throw-in,1494.65
195,1496.7242102092337,1499.2242102092337,TacklingGame,1497.6100000000001
196,1499.4097232815764,1501.9097232815764,TacklingGame,1499.8100000000002
197,1510.8840621179186,1513.3840621179186,Throw-in,1512.73
198,1519.010875634421,1521.510875634421,Play,1519.49
199,1520.317158539168,1522.817158539168,None,None
200,1522.4262379889499,1524.9262379889499,Play,1524.25
201,1525.068580503713,1527.568580503713,Play,1525.73
202,1527.0312933637886,1529.5312933637886,None,None
203,1533.2004939708443,1535.7004939708443,Play,1535.0900000000001
204,1537.1916139898478,1539.6916139898478,Play,1537.8500000000001
205,1538.4898627733512,1540.9898627733512,None,None
206,1540.8024422298324,1543.3024422298324,Play,1541.53
207,1565.117471255645,1567.617471255645,Throw-in,1566.25
208,1569.0111946204493,1571.5111946204493,Play,1570.17
209,1571.235566156414,1573.735566156414,None,None
210,1572.9875838922737,1575.4875838922737,Play,1574.97
211,1577.8221028490743,1580.3221028490743,Play,1578.21
212,1579.0607141268424,1581.5607141268424,None,None
213,1580.7610225605529,1583.2610225605529,Play,1582.0900000000001
214,1582.6187720302692,1585.1187720302692,None,None
215,1584.5374945190997,1587.0374945190997,Play,1585.41
216,1587.8628499540787,1590.3628499540787,Play,1588.49
217,1590.6507005711783,1593.1507005711783,None,None
218,1593.0083865585048,1595.5083865585048,Play,1593.45
219,1595.8848656820674,1598.3848656820674,Play,1596.53
220,1597.1459221221032,1599.6459221221032,None,None
221,1598.6899139431146,1601.1899139431146,Play,1600.77
222,1601.5443771870575,1604.0443771870575,TacklingGame,1602.6100000000001
223,1606.1509839561209,1608.6509839561209,Throw-in,1607.01
224,1607.6571467352564,1610.1571467352564,Play,1609.25
225,1611.2757622305471,1613.7757622305471,TacklingGame,1612.49
226,1627.642374580177,1630.142374580177,Throw-in,1629.65
227,1630.2339968029048,1632.7339968029048,TacklingGame,1631.3700000000001
228,1634.5814870505833,1637.0814870505833,Throw-in,1636.65
229,1641.0192860957075,1643.5192860957075,Play,1641.77
230,1642.5282795008966,1645.0282795008966,Play,1644.17
231,1645.1225626891153,1647.6225626891153,Play,1646.5700000000002
232,1647.211148518535,1649.711148518535,None,None
233,1649.9277381988916,1652.4277381988916,Play,1650.45
234,1654.2980612497697,1656.7980612497697,TacklingGame,1654.97
235,1665.7641261802034,1668.2641261802034,Throw-in,1667.8100000000002
236,1669.5099800660466,1672.0099800660466,Play,1671.3300000000002
237,1673.3265132825497,1675.8265132825497,Play,1674.3700000000001
238,1678.6779611579716,1681.1779611579716,TacklingGame,1679.45
239,1680.9544177963369,1683.4544177963369,TacklingGame,1682.65
240,1691.0181637964722,1693.5181637964722,Throw-in,1691.5300000000002
241,1695.7537421251423,1698.2537421251423,Play,1696.8100000000002
242,1707.3805757651426,1709.8805757651426,Throw-in,1708.5700000000002
243,1709.9610487602758,1712.4610487602758,Play,1711.0500000000002
244,1712.334607114775,1714.834607114775,None,None
245,1718.8312074501785,1721.3312074501785,TacklingGame,1719.69
246,1738.2003064923153,1740.7003064923153,Throw-in,1739.77
247,1741.2896442124434,1743.7896442124434,Play,1741.8100000000002
248,1744.630724999508,1747.130724999508,TacklingGame,1745.41
249,1746.1465281099968,1748.6465281099968,Play,1747.93
250,1750.4354330629726,1752.9354330629726,TacklingGame,1750.93
251,1754.7808524598736,1757.2808524598736,None,None
252,1758.487236351584,1760.987236351584,Play,1759.3300000000002
253,1760.2400690679115,1762.7400690679115,None,None
254,1762.90377997465,1765.40377997465,Play,1764.17
255,1764.8112408009429,1767.3112408009429,None,None
256,1766.0166048675546,1768.5166048675546,Play,1767.73
257,1890.7424060190099,1893.2424060190099,Freekick,1892.41
258,1893.4486495725507,1895.9486495725507,TacklingGame,1895.45
259,1909.6085082634488,1912.1085082634488,Throw-in,1910.97
260,1914.494267717274,1916.994267717274,Play,1915.6100000000001
261,1917.8537839309865,1920.3537839309865,TacklingGame,1918.7700000000002
262,1919.6686324278662,1922.1686324278662,Play,1920.89
263,1921.4637736302407,1923.9637736302407,None,None
264,1922.6153262518515,1925.1153262518515,Play,1924.41
265,1924.8465245180191,1927.3465245180191,Play,1926.69
266,1927.4611719421603,1929.9611719421603,None,None
267,1930.1843243734877,1932.6843243734877,TacklingGame,1932.17
268,1958.2249677149475,1960.7249677149475,Throw-in,1959.17
269,1959.9692532232095,1962.4692532232095,Play,1960.8500000000001
270,1961.5841277738589,1964.0841277738589,None,None
271,1964.902184658885,1967.402184658885,Play,1966.0900000000001
272,1966.8486685172163,1969.3486685172163,Play,1967.2900000000002
273,1969.2933048721916,1971.7933048721916,None,None
274,1973.0335762105744,1975.5335762105744,TacklingGame,1973.45
275,1974.2057110544135,1976.7057110544135,TacklingGame,1975.89
276,1977.324401996836,1979.824401996836,Play,1978.25
277,1980.0205328950694,1982.5205328950694,Play,1980.45
278,2003.545106699092,2006.045106699092,TacklingGame,2005.6100000000001
279,2017.9992437115216,2020.4992437115216,Throw-in,2018.8100000000002
280,2020.2940291563984,2022.7940291563984,TacklingGame,2021.8500000000001
281,2045.374219342209,2047.874219342209,Play,2046.8100000000002
282,2047.8854954644216,2050.3854954644216,None,None
283,2053.0301390930413,2055.5301390930413,Play,2054.13
284,2054.6853848251026,2057.1853848251026,None,None
285,2056.9227823739016,2059.4227823739016,Play,2057.61
286,2059.219269134105,2061.719269134105,Play,2060.25
287,2062.6504983703708,2065.1504983703708,None,None
288,2068.633506114261,2071.133506114261,TacklingGame,2069.25
289,2071.370716990638,2073.870716990638,TacklingGame,2072.41
290,2075.8691557628554,2078.3691557628554,None,None
291,2078.5466796176515,2081.0466796176515,Play,2079.29
292,2079.8607850687617,2082.3607850687617,Play,2081.01
293,2081.741680781229,2084.241680781229,None,None
294,2086.009745816852,2088.509745816852,Play,2086.49
295,2088.438730069859,2090.938730069859,Play,2089.37
296,2091.4763630510934,2093.9763630510934,TacklingGame,2093.21
297,2121.360530003831,2123.860530003831,Corner,2121.8500000000004
298,2157.2724548715096,2159.7724548715096,Play,2158.13
299,2163.132522651261,2165.632522651261,Play,2164.01
300,2164.94897245375,2167.44897245375,None,None
301,2166.672630361525,2169.172630361525,TacklingGame,2168.41
302,2169.2245605711446,2171.7245605711446,TacklingGame,2170.01
303,2170.913626620693,2173.413626620693,Play,2172.9700000000003
304,2173.86269912825,2176.36269912825,Play,2175.61
305,2176.29336729342,2178.79336729342,None,None
306,2179.2319652968777,2181.7319652968777,Play,2180.61
307,2181.5637715708945,2184.0637715708945,Play,2182.8900000000003
308,2227.7780782214204,2230.2780782214204,Throw-in,2229.09
309,2232.4432081132873,2234.9432081132873,Play,2233.45
310,2234.3801129753056,2236.8801129753056,None,None
311,2239.066528626142,2241.566528626142,Play,2239.45
312,2241.6585545300695,2244.1585545300695,Play,2242.29
313,2243.6698041551354,2246.1698041551354,Play,2245.57
314,2246.3618176969558,2248.8618176969558,None,None
315,2248.229544482162,2250.729544482162,Play,2249.45
316,2250.334515780787,2252.834515780787,Play,2252.21
317,2253.212162132202,2255.712162132202,TacklingGame,2253.8500000000004
318,2254.788641195818,2257.288641195818,Play,2256.01
319,2257.0206550168073,2259.5206550168073,Play,2257.8900000000003
320,2258.407299095177,2260.907299095177,Play,2259.33
321,2260.182098769985,2262.682098769985,None,None
322,2261.716241190884,2264.216241190884,TacklingGame,2263.57
323,2283.9396956771034,2286.4396956771034,Throw-in,2285.21
324,2285.695347057084,2288.195347057084,Play,2286.25
325,2288.7087343069297,2291.2087343069297,Play,2289.21
326,2290.7426813756347,2293.2426813756347,Play,2291.4900000000002
327,2293.038237383567,2295.538237383567,None,None
328,2295.6627281537462,2298.1627281537462,Play,2296.4900000000002
329,2298.7430415271288,2301.2430415271288,Play,2299.17
330,2299.7718181402515,2302.2718181402515,Play,2301.73
331,2303.168727198868,2305.668727198868,Play,2304.33
332,2306.2167580855166,2308.7167580855166,TacklingGame,2306.65
333,2310.1714101323573,2312.6714101323573,None,None
334,2313.5452918435303,2316.0452918435303,Play,2314.01
335,2314.900807845012,2317.400807845012,Play,2316.4900000000002
336,2317.217695298948,2319.717695298948,None,None
337,2323.3994089258563,2325.8994089258563,Play,2325.09
338,2326.2604560139257,2328.7604560139257,None,None
339,2328.7604997018516,2331.2604997018516,Play,2330.69
340,2331.7379303703055,2334.2379303703055,Play,2333.81
341,2343.4101998385468,2345.9101998385468,Throw-in,2343.9300000000003
342,2346.1183566042273,2348.6183566042273,Play,2346.69
343,2348.6047599504395,2351.1047599504395,Play,2349.3700000000003
344,2350.9889411797817,2353.4889411797817,Play,2352.61
345,2353.291063392026,2355.791063392026,None,None
346,2356.146897282517,2358.646897282517,Play,2357.25
347,2357.811459627653,2360.311459627653,None,None
348,2361.5440773185624,2364.0440773185624,None,None
349,2366.61,2369.11,TacklingGame,2367.01
350,2367.6889915896973,2370.1889915896973,None,None
351,2371.423676142211,2373.923676142211,TacklingGame,2372.05
352,2372.661137858793,2375.161137858793,None,None
353,2375.7317417375657,2378.2317417375657,TacklingGame,2376.17
354,2378.8400589170383,2381.3400589170383,TacklingGame,2379.4500000000003
355,2380.0431281458377,2382.5431281458377,None,None
356,2382.364870218123,2384.864870218123,Play,2383.8900000000003
357,2386.0646692627206,2388.5646692627206,Play,2386.53
358,2387.7840204465324,2390.2840204465324,None,None
359,2389.1838927650015,2391.6838927650015,Play,2390.8900000000003
360,2391.761292901608,2394.261292901608,None,None
361,2394.3238419981067,2396.8238419981067,Play,2394.81
362,2396.678549219342,2399.178549219342,Play,2397.17
363,2397.7937767244584,2400.2937767244584,Play,2398.25
364,2399.783787855389,2402.283787855389,None,None
365,2404.341761492674,2406.841761492674,Play,2405.3700000000003
366,2406.3645158173053,2408.8645158173053,Play,2406.8500000000004
367,2407.5060444939018,2410.0060444939018,None,None
368,2408.8081344836637,2411.3081344836637,Play,2410.4100000000003
369,2412.743151671506,2415.243151671506,None,None
370,2414.993204044032,2417.493204044032,Play,2415.65
371,2417.126071182623,2419.626071182623,None,None
372,2419.56039037626,2422.06039037626,Play,2420.61
373,2421.6525026581903,2424.1525026581903,Play,2423.73
374,2427.1308182124862,2429.6308182124862,None,None
375,2428.620296980485,2431.120296980485,Play,2430.13
376,2430.898483782912,2433.398483782912,None,None
377,2437.065936329873,2439.565936329873,None,None
378,2439.161839463612,2441.661839463612,Play,2441.01
379,2454.4191099626914,2456.9191099626914,Freekick,2454.8500000000004
380,2458.0832295219684,2460.5832295219684,Play,2459.3700000000003
381,2462.9469739839788,2465.4469739839788,Play,2463.9300000000003
382,2465.0206303177106,2467.5206303177106,Play,2465.81
383,2466.3326359572484,2468.8326359572484,None,None
384,2467.6565938304207,2470.1565938304207,Play,2469.13
385,2469.634044206481,2472.134044206481,Play,2470.69
386,2472.284490806178,2474.784490806178,None,None
387,2474.7876001464306,2477.2876001464306,Play,2475.4900000000002
388,2476.235736752499,2478.735736752499,None,None
389,2477.792741450235,2480.292741450235,Play,2479.57
390,2497.6592422703293,2500.1592422703293,Throw-in,2498.8900000000003
391,2499.4963716666566,2501.9963716666566,Play,2500.61
392,2501.35633562364,2503.85633562364,Play,2503.29
393,2504.231340132617,2506.731340132617,None,None
394,2508.2557255796173,2510.7557255796173,Play,2508.8900000000003
395,2510.3796698277056,2512.8796698277056,Play,2510.81
396,2512.017101112773,2514.517101112773,Play,2512.4500000000003
397,2513.2163354326203,2515.7163354326203,None,None
398,2515.611144348676,2518.111144348676,Play,2516.17
399,2517.839437625626,2520.339437625626,Play,2518.61
400,2519.836346758449,2522.336346758449,Play,2521.3700000000003
401,2522.2078723629797,2524.7078723629797,Play,2524.17
402,2526.3623099914034,2528.8623099914034,TacklingGame,2527.77
403,2544.5047980416907,2547.0047980416907,Freekick,2546.21
404,2546.8325792263936,2549.3325792263936,Play,2548.69
405,2549.262681771011,2551.762681771011,None,None
406,2552.6008262090377,2555.1008262090377,Play,2554.61
407,2555.5904754913686,2558.0904754913686,Play,2556.21
408,2556.879209205259,2559.379209205259,None,None
409,2557.6094266796626,2560.1094266796626,Play,2559.69
410,2560.2102817285718,2562.7102817285718,None,None
411,2562.259987272455,2564.759987272455,Play,2563.05
412,2564.125809560173,2566.625809560173,None,None
413,2565.3198092971807,2567.8198092971807,Play,2567.17
414,2567.8051875403976,2570.3051875403976,Play,2569.77
415,2570.502325158206,2573.002325158206,Play,2572.4500000000003
416,2577.323823441185,2579.823823441185,None,None
417,2582.811291473765,2585.311291473765,TacklingGame,2583.29
418,2606.88712425675,2609.38712425675,Throw-in,2608.57
419,2612.7449170933564,2615.2449170933564,Play,2614.13
420,2614.6637685099176,2617.1637685099176,Play,2615.17
421,2615.7635194022123,2618.2635194022123,None,None
422,2617.932936995509,2620.432936995509,Play,2618.57
423,2619.1154088525423,2621.6154088525423,Play,2619.57
424,2620.2631939381213,2622.7631939381213,None,None
425,2621.409557438906,2623.909557438906,Play,2623.05
426,2623.8336783321315,2626.3336783321315,None,None
427,2625.5335207587955,2628.0335207587955,Play,2627.4100000000003
428,2627.9415231466887,2630.4415231466887,None,None
429,2628.724136344716,2631.224136344716,Play,2630.73
430,2631.4436625798603,2633.9436625798603,TacklingGame,2632.57
431,2637.5956008537073,2640.0956008537073,Play,2639.25
432,2641.085438963561,2643.585438963561,TacklingGame,2642.4100000000003
433,2643.8180628969076,2646.3180628969076,None,None
434,2662.751578270431,2665.251578270431,Throw-in,2663.69
435,2665.0360506060692,2667.5360506060692,TacklingGame,2665.8500000000004
436,2666.8621366389802,2669.3621366389802,None,None
437,2672.6319820391896,2675.1319820391896,Play,2674.25
438,2674.828001224487,2677.328001224487,None,None
439,2676.35587582503,2678.85587582503,Play,2677.81
440,2678.35492076939,2680.85492076939,TacklingGame,2679.4100000000003
441,2724.970527370921,2727.470527370921,Throw-in,2725.73
442,2749.2066417299366,2751.7066417299366,Corner,2751.21
443,2760.2148953109327,2762.7148953109327,TacklingGame,2761.13
444,2800.5537821731,2803.0537821731,Freekick,2801.3300000000004
445,2803.791592855143,2806.291592855143,TacklingGame,2804.57
446,2805.7510183593877,2808.2510183593877,Play,2807.4100000000003
447,2841.5854823344857,2844.0854823344857,TacklingGame,2843.05
448,2846.9105916643807,2849.4105916643807,TacklingGame,2847.69
449,2848.4173862829093,2850.9173862829093,Play,2849.69
450,2851.2961338731293,2853.7961338731293,None,None
451,2852.6604497586704,2855.1604497586704,Play,2854.13
452,2854.927217734743,2857.427217734743,None,None
453,2856.2849922763157,2858.7849922763157,Play,2858.05
454,2858.9932043362355,2861.4932043362355,None,None
455,2860.5317550023856,2863.0317550023856,Play,2861.8500000000004
456,2891.7058409121323,2894.2058409121323,Freekick,2893.73
457,2897.3859755061485,2899.8859755061485,Play,2897.81
458,2920.6808259598774,2923.1808259598774,Throw-in,2922.65
459,2928.3152738416734,2930.8152738416734,Play,2928.8500000000004
460,2932.909365133107,2935.409365133107,None,None
461,2935.631577169227,2938.131577169227,Play,2937.21
462,2939.3318230130135,2941.8318230130135,Play,2940.4500000000003
463,2946.8835093345333,2949.3835093345333,Play,2947.29
464,2948.9274694155756,2951.4274694155756,Play,2949.9300000000003
465,2951.050822640728,2953.550822640728,None,None
466,2953.2101161407845,2955.7101161407845,Play,2955.25
467,2956.2009151225707,2958.7009151225707,TacklingGame,2957.3300000000004
468,2962.537028648941,2965.037028648941,Throw-in,2963.77
469,2966.621501740996,2969.121501740996,Play,2967.81
470,2969.1912052152697,2971.6912052152697,Play,2970.05
471,2970.8608422246434,2973.3608422246434,Play,2972.3300000000004
472,2972.8330884523734,2975.3330884523734,Play,2973.9300000000003
473,2974.7383827036087,2977.2383827036087,Play,2975.77
474,2976.4364836075465,2978.9364836075465,None,None
475,2978.775889728753,2981.275889728753,Play,2979.25
476,2983.1643798981418,2985.6643798981418,TacklingGame,2984.9300000000003
477,2986.092339300172,2988.592339300172,None,None
478,2989.2867727233784,2991.7867727233784,Play,2989.8500000000004
479,2992.255560841818,2994.755560841818,None,None
480,2994.1144701151316,2996.6144701151316,Play,2995.29
481,2996.686749416798,2999.186749416798,Play,2998.01
482,3017.689470397391,3020.189470397391,Throw-in,3018.29
483,3020.5218506940028,3023.0218506940028,Play,3021.29
484,3022.147138266129,3024.647138266129,None,None
485,3024.3010849822394,3026.8010849822394,Play,3025.17
486,3027.1607524117803,3029.6607524117803,Play,3028.3300000000004
487,3058.6868754679317,3061.1868754679317,Play,3059.25
488,3061.4100277730504,3063.9100277730504,None,None
489,3063.4830425343253,3065.9830425343253,Play,3064.4100000000003
490,3065.719486012689,3068.219486012689,None,None
491,3067.939357492226,3070.439357492226,Play,3068.8500000000004
492,3069.7219173782423,3072.2219173782423,Play,3071.09
493,3076.099728854291,3078.599728854291,TacklingGame,3076.4900000000002
494,3079.27130379426,3081.77130379426,TacklingGame,3080.29
495,3081.638034464746,3084.138034464746,TacklingGame,3083.3300000000004
496,3083.8905388224853,3086.3905388224853,TacklingGame,3085.13
497,3088.10386550668,3090.60386550668,Freekick,3088.8500000000004
498,3093.10058322516,3095.60058322516,Play,3093.57
499,3095.235901762115,3097.735901762115,None,None
500,3097.128836006342,3099.628836006342,Play,3098.4500000000003
501,3100.9263936661296,3103.4263936661296,Play,3101.4900000000002
502,4076.778128495129,4079.278128495129,Play,4077.4199999999996
503,4078.8972798707014,4081.3972798707014,TacklingGame,4080.22
504,4081.040026487639,4083.540026487639,None,None
505,4098.589199665173,4101.089199665173,Play,4099.0199999999995
506,4116.898776975476,4119.398776975476,Throw-in,4118.0199999999995
507,4120.955304105192,4123.455304105192,TacklingGame,4121.66
508,4130.465034321302,4132.965034321302,Throw-in,4131.0199999999995
509,4134.7473790472495,4137.2473790472495,Play,4135.139999999999
510,4139.431004587863,4141.931004587863,Play,4141.26
511,4147.0225132278665,4149.5225132278665,None,None
512,4149.309127346405,4151.809127346405,TacklingGame,4150.34
513,4240.197338239654,4242.697338239654,Freekick,4241.62
514,4242.0199999999995,4244.5199999999995,Play,4242.42
515,4243.474716275708,4245.974716275708,None,None
516,4244.720854828212,4247.220854828212,Play,4246.099999999999
517,4246.903547144348,4249.403547144348,Play,4248.46
518,4250.523365124328,4253.023365124328,Play,4251.18
519,4254.25596899667,4256.75596899667,Play,4255.7
520,4262.750270627168,4265.250270627168,Throw-in,4263.22
521,4265.564127042402,4268.064127042402,Play,4267.0599999999995
522,4268.200606937876,4270.700606937876,None,None
523,4269.646401713684,4272.146401713684,Play,4271.139999999999
524,4272.447242435585,4274.947242435585,None,None
525,4273.187758454562,4275.687758454562,Play,4275.26
526,4275.963781013387,4278.463781013387,Play,4277.7
527,4280.532100760064,4283.032100760064,Play,4280.98
528,4283.499795409414,4285.999795409414,Play,4284.0199999999995
529,4284.831151591899,4287.331151591899,None,None
530,4285.449345381376,4287.949345381376,Play,4287.38
531,4288.437291349674,4290.937291349674,None,None
532,4291.007012606914,4293.507012606914,Play,4291.5
533,4293.78,4296.28,Play,4294.18
534,4295.636970066744,4298.136970066744,None,None
535,4297.132076074743,4299.632076074743,Play,4298.46
536,4299.265109093392,4301.765109093392,Play,4300.5
537,4303.62205389445,4306.12205389445,TacklingGame,4304.82
538,4356.1308428234815,4358.6308428234815,TacklingGame,4356.5
539,4373.216226805508,4375.716226805508,Play,4375.26
540,4375.8665303095595,4378.3665303095595,TacklingGame,4377.94
541,4378.8370232821635,4381.3370232821635,None,None
542,4380.768952728246,4383.268952728246,TacklingGame,4382.139999999999
543,4383.8861955554,4386.3861955554,TacklingGame,4385.74
544,4386.301242232477,4388.801242232477,Play,4387.18
545,4387.827700225187,4390.327700225187,Play,4389.099999999999
546,4389.884850614459,4392.384850614459,Play,4391.42
547,4392.782793893066,4395.282793893066,Play,4394.66
548,4398.580461578926,4401.080461578926,TacklingGame,4400.66
549,4408.756323305136,4411.256323305136,Throw-in,4410.66
550,4415.411416441171,4417.911416441171,Play,4416.46
551,4418.457780189022,4420.957780189022,Play,4418.9
552,4421.683586502653,4424.183586502653,Play,4422.099999999999
553,4423.335391962134,4425.835391962134,Play,4424.74
554,4427.515289064217,4430.015289064217,None,None
555,4429.397022524279,4431.897022524279,Play,4431.22
556,4432.89611277591,4435.39611277591,None,None
557,4435.525894987523,4438.025894987523,Play,4436.54
558,4437.469529774273,4439.969529774273,TacklingGame,4438.42
559,4532.321996621384,4534.821996621384,Freekick,4532.74
560,4536.357467702293,4538.857467702293,Play,4537.58
561,4538.392709481285,4540.892709481285,None,None
562,4540.131498545134,4542.631498545134,Play,4540.9
563,4544.792530298431,4547.292530298431,None,None
564,4547.0902774454635,4549.5902774454635,Play,4548.7
565,4550.09041165413,4552.59041165413,Play,4551.78
566,4555.431002560058,4557.931002560058,Play,4556.0199999999995
567,4557.388565612488,4559.888565612488,None,None
568,4558.618307414485,4561.118307414485,Play,4560.3
569,4570.3719604998505,4572.8719604998505,Throw-in,4571.34
570,4573.719424479244,4576.219424479244,Play,4574.94
571,4576.919928067272,4579.419928067272,None,None
572,4578.840951280341,4581.340951280341,Play,4580.22
573,4581.507500493858,4584.007500493858,Play,4582.62
574,4596.967987583863,4599.467987583863,Throw-in,4598.58
575,4599.658311718022,4602.158311718022,Play,4600.34
576,4601.620946704056,4604.120946704056,None,None
577,4603.065256677867,4605.565256677867,Play,4604.46
578,4605.191701915647,4607.691701915647,Play,4606.18
579,4607.107576147575,4609.607576147575,None,None
580,4608.9687167547445,4611.4687167547445,Play,4609.66
581,4627.05244375032,4629.55244375032,Play,4627.58
582,4628.663883373401,4631.163883373401,None,None
583,4629.278212428509,4631.778212428509,Play,4631.3
584,4632.19546588781,4634.69546588781,Play,4633.9
585,4634.732164018171,4637.232164018171,Play,4635.94
586,4637.825443014929,4640.325443014929,Play,4638.54
587,4751.555335426993,4754.055335426993,Freekick,4751.98
588,4756.487251897939,4758.987251897939,Play,4756.94
589,4757.9484524803,4760.4484524803,None,None
590,4760.138412187434,4762.638412187434,Play,4760.7
591,4783.184145650609,4785.684145650609,Throw-in,4784.78
592,4789.726419113805,4792.226419113805,Play,4790.139999999999
593,4790.75948963613,4793.25948963613,TacklingGame,4791.82
594,4792.6200404633,4795.1200404633,TacklingGame,4794.54
595,4796.013444480931,4798.513444480931,None,None
596,4798.096619438794,4800.596619438794,Play,4798.58
597,4806.469241617123,4808.969241617123,None,None
598,4819.436814434295,4821.936814434295,Play,4821.139999999999
599,4823.092606050632,4825.592606050632,Play,4824.0199999999995
600,4824.506367411291,4827.006367411291,TacklingGame,4826.3
601,4827.0215120036155,4829.5215120036155,Play,4827.54
602,4829.614008283271,4832.114008283271,None,None
603,4833.138924360967,4835.638924360967,Play,4833.74
604,4835.9506419438285,4838.4506419438285,Play,4837.0199999999995
605,4838.684396723332,4841.184396723332,Play,4840.139999999999
606,4841.236303511645,4843.736303511645,Play,4842.7
607,4844.632940037818,4847.132940037818,Play,4845.46
608,4846.444272312317,4848.944272312317,Play,4848.139999999999
609,4848.732475470933,4851.232475470933,Play,4850.0599999999995
610,4852.2792389009255,4854.7792389009255,None,None
611,4853.603795802769,4856.103795802769,Play,4854.94
612,4856.024105956277,4858.524105956277,None,None
613,4856.997596292541,4859.497596292541,Play,4858.58
614,4861.10662150784,4863.60662150784,Play,4861.78
615,4863.561366245286,4866.061366245286,None,None
616,4864.764161104226,4867.264161104226,Play,4866.46
617,4890.334062077732,4892.834062077732,Play,4891.58
618,4892.945256955711,4895.445256955711,None,None
619,4899.922392119486,4902.422392119486,Play,4900.42
620,4901.542624088674,4904.042624088674,None,None
621,4903.037796086166,4905.537796086166,Play,4904.0599999999995
622,4906.594391989286,4909.094391989286,Play,4907.22
623,4942.230643239652,4944.730643239652,Play,4942.7
624,4944.181386821577,4946.681386821577,None,None
625,4952.396300265207,4954.896300265207,Play,4953.22
626,4954.403524067451,4956.903524067451,Play,4955.139999999999
627,4957.845541463227,4960.345541463227,Play,4958.3
628,4958.898880157929,4961.398880157929,Play,4959.3
629,4960.808096860538,4963.308096860538,Play,4962.139999999999
630,4966.342521866911,4968.842521866911,Play,4967.3
631,4969.688178270378,4972.188178270378,None,None
632,4972.708829373833,4975.208829373833,Play,4973.42
633,4974.729157337558,4977.229157337558,None,None
634,4980.661108211508,4983.161108211508,Play,4982.18
635,4983.469726837153,4985.969726837153,Play,4984.86
636,4989.472392131273,4991.972392131273,None,None
637,4990.663191858404,4993.163191858404,Play,4992.54
638,4993.954917910755,4996.454917910755,Play,4995.0199999999995
639,4995.859248728242,4998.359248728242,None,None
640,4997.050773700568,4999.550773700568,Play,4998.5
641,5000.80215600329,5003.30215600329,Play,5001.38
642,5003.485250942057,5005.985250942057,Play,5003.94
643,5004.646255544934,5007.146255544934,Play,5005.3
644,5006.667200068775,5009.167200068775,Play,5008.3
645,5012.453784335009,5014.953784335009,Play,5013.18
646,5015.014817853159,5017.514817853159,Play,5015.58
647,5017.17144668792,5019.67144668792,Play,5018.58
648,5025.6585330703765,5028.1585330703765,Throw-in,5026.82
649,5029.10180970493,5031.60180970493,Play,5030.74
650,5032.202493138141,5034.702493138141,None,None
651,5033.774255054065,5036.274255054065,Play,5035.1
652,5035.9177820767945,5038.4177820767945,Play,5036.94
653,5038.262614728997,5040.762614728997,None,None
654,5043.302302890641,5045.802302890641,TacklingGame,5044.98
655,5055.259972852503,5057.759972852503,Throw-in,5056.5
656,5058.807647404165,5061.307647404165,Play,5060.38
657,5061.257484625768,5063.757484625768,Play,5062.46
658,5066.339789790147,5068.839789790147,None,None
659,5071.550963348395,5074.050963348395,Play,5072.54
660,5074.9560115389795,5077.4560115389795,Play,5075.78
661,5076.50016716716,5079.00016716716,Play,5077.54
662,5079.492586727923,5081.992586727923,Play,5080.0199999999995
663,5085.519709674937,5088.019709674937,Play,5086.139999999999
664,5098.762773503158,5101.262773503158,Throw-in,5100.78
665,5101.230728504852,5103.730728504852,Play,5101.78
666,5104.285369813323,5106.785369813323,None,None
667,5113.238430371521,5115.738430371521,TacklingGame,5114.58
668,5115.000925577749,5117.500925577749,Play,5115.58
669,5118.245268407884,5120.745268407884,None,None
670,5121.232409181357,5123.732409181357,TacklingGame,5122.74
671,5143.81816579355,5146.31816579355,Throw-in,5144.66
672,5146.596874617942,5149.096874617942,Play,5147.54
673,5149.721547445707,5152.221547445707,Play,5150.62
674,5152.727898284627,5155.227898284627,Play,5153.62
675,5154.69874097617,5157.19874097617,None,None
676,5155.828370267831,5158.328370267831,Play,5157.58
677,5158.654217922639,5161.154217922639,None,None
678,5163.1808867952695,5165.6808867952695,Play,5164.7
679,5166.073789174479,5168.573789174479,Play,5166.94
680,5171.537879638861,5174.037879638861,Play,5172.02
681,5173.444252691508,5175.944252691508,Play,5174.62
682,5175.359239581135,5177.859239581135,Play,5176.62
683,5177.062329361208,5179.562329361208,Play,5178.82
684,5181.830480838954,5184.330480838954,Play,5182.3
685,5188.787070213397,5191.287070213397,None,None
686,5191.653402975964,5194.153402975964,Play,5193.74
687,5194.572307720992,5197.072307720992,Play,5195.7
688,5196.5668727488155,5199.0668727488155,Play,5197.38
689,5198.471196463261,5200.971196463261,None,None
690,5200.767589485004,5203.267589485004,Play,5201.3
691,5204.926016837935,5207.426016837935,None,None
692,5209.00739345404,5211.50739345404,Play,5210.5
693,5211.2085161646955,5213.7085161646955,Play,5212.0599999999995
694,5213.4071570420765,5215.9071570420765,None,None
695,5213.921332439507,5216.421332439507,Play,5215.98
696,5216.845950938705,5219.345950938705,Play,5218.139999999999
697,5221.817792800028,5224.317792800028,Play,5222.86
698,5228.243254358583,5230.743254358583,Play,5229.219999999999
699,5233.717471288911,5236.217471288911,None,None
700,5234.556574914414,5237.056574914414,Play,5236.3
701,5236.815703233327,5239.315703233327,Play,5238.1
702,5239.284910731867,5241.784910731867,Play,5240.26
703,5241.494324007086,5243.994324007086,TacklingGame,5242.26
704,5244.011383676632,5246.511383676632,None,None
705,5245.702327139013,5248.202327139013,Play,5246.66
706,5249.413063735225,5251.913063735225,Play,5249.9
707,5250.741628027299,5253.241628027299,None,None
708,5253.804595463619,5256.304595463619,Play,5255.9
709,5256.688317992336,5259.188317992336,Play,5257.3
710,5259.420666803066,5261.920666803066,Play,5260.5
711,5261.606487531964,5264.106487531964,Play,5262.5
712,5263.504388154819,5266.004388154819,None,None
713,5265.876709543729,5268.376709543729,Play,5266.34
714,5311.398582823612,5313.898582823612,None,None
715,5312.308681844729,5314.808681844729,Play,5314.38
716,5349.224020132192,5351.724020132192,Play,5350.139999999999
717,5351.614055817607,5354.114055817607,Play,5352.26
718,5353.129022620891,5355.629022620891,Play,5353.98
719,5355.847740278315,5358.347740278315,TacklingGame,5357.38
720,5397.544428277486,5400.044428277486,Freekick,5398.3
721,5402.146676604303,5404.646676604303,Play,5402.98
722,5403.981168467312,5406.481168467312,Play,5405.139999999999
723,5406.803919036771,5409.303919036771,TacklingGame,5408.02
724,5408.642066051499,5411.142066051499,Play,5409.139999999999
725,5410.598760180048,5413.098760180048,None,None
726,5414.274505744455,5416.774505744455,Play,5416.219999999999
727,5417.467191152615,5419.967191152615,Play,5419.18
728,5420.05594981272,5422.55594981272,Play,5421.139999999999
729,5423.961201299948,5426.461201299948,None,None
730,5427.259600944134,5429.759600944134,Play,5428.3
731,5429.26540664665,5431.76540664665,None,None
732,5437.227833328069,5439.727833328069,Play,5437.82
733,5438.4675304672965,5440.9675304672965,Play,5439.02
734,5440.42688450059,5442.92688450059,Play,5442.3
735,5443.257997428424,5445.757997428424,None,None
736,5447.3570453579305,5449.8570453579305,None,None
737,5451.906986225738,5454.406986225738,Play,5452.34
738,5453.995371458048,5456.495371458048,Play,5454.58
739,5456.094625293947,5458.594625293947,Play,5457.34
740,5459.215756770875,5461.715756770875,Play,5459.74
741,5462.851723339737,5465.351723339737,None,None
742,5464.760347349387,5467.260347349387,Play,5465.94
743,5469.009620315412,5471.509620315412,TacklingGame,5469.54
744,5587.4508255266255,5589.9508255266255,Throw-in,5588.139999999999
745,5589.3146291282355,5591.8146291282355,Play,5589.74
746,5591.501278559952,5594.001278559952,Play,5592.02
747,5611.861257489629,5614.361257489629,Corner,5613.9
748,5681.257112407074,5683.757112407074,TacklingGame,5683.0599999999995
749,5697.021528951072,5699.521528951072,Throw-in,5698.46
750,5704.359263431374,5706.859263431374,None,None
751,5706.538642585402,5709.038642585402,Play,5707.02
752,5708.1900491631095,5710.6900491631095,Play,5709.78
753,5711.93060576331,5714.43060576331,Play,5712.7
754,5715.186717932347,5717.686717932347,TacklingGame,5715.78
755,5716.412125096051,5718.912125096051,Play,5717.1
756,5719.623388510402,5722.123388510402,Play,5720.18
757,5721.452771252134,5723.952771252134,None,None
758,5722.9923917927445,5725.4923917927445,Play,5724.82
759,5726.72513592629,5729.22513592629,None,None
760,5728.3238997695635,5730.8238997695635,Play,5729.3
761,5730.122653202716,5732.622653202716,Play,5731.0599999999995
762,5747.930027507351,5750.430027507351,Throw-in,5749.9
763,5751.44219955723,5753.94219955723,Play,5752.34
764,5756.695838008863,5759.195838008863,Play,5758.3
765,5759.227346388385,5761.727346388385,Play,5761.26
766,5762.421905307025,5764.921905307025,Play,5764.42
767,5765.063833513013,5767.563833513013,TacklingGame,5767.0599999999995
768,5770.053684645964,5772.553684645964,None,None
769,5772.903146027725,5775.403146027725,Play,5773.46
770,5775.648669987969,5778.148669987969,Play,5776.34
771,5778.326706007263,5780.826706007263,Play,5778.9
772,5780.503389929204,5783.003389929204,Play,5781.46
773,5782.305022822485,5784.805022822485,None,None
774,5784.659197879352,5787.159197879352,Play,5785.86
775,5786.785285909548,5789.285285909548,None,None
776,5788.277558819391,5790.777558819391,Play,5789.86
777,5790.978532820956,5793.478532820956,TacklingGame,5791.38
778,5793.095721400197,5795.595721400197,Play,5794.58
779,5796.81940032345,5799.31940032345,None,None
780,5803.148517189232,5805.648517189232,None,None
781,5805.480103213664,5807.980103213664,Play,5806.78
782,5808.44301679737,5810.94301679737,Play,5809.9
783,5812.541774724584,5815.041774724584,None,None
784,5820.465195779871,5822.965195779871,Play,5820.9
785,5823.33553235639,5825.83553235639,None,None
786,5824.136919255172,5826.636919255172,Play,5825.94
787,5827.351686636847,5829.851686636847,None,None
788,5828.677579601544,5831.177579601544,Play,5830.22
789,5831.055423146249,5833.555423146249,Play,5831.66
790,5832.267452951176,5834.767452951176,Play,5834.26
791,5836.152323935819,5838.652323935819,Play,5837.22
792,5839.13199905489,5841.63199905489,Play,5840.42
793,5841.602799960496,5844.102799960496,Play,5843.22
794,5844.362092337876,5846.862092337876,None,None
795,5845.445302577571,5847.945302577571,Play,5847.139999999999
796,5848.858461363587,5851.358461363587,None,None
797,5850.754671663608,5853.254671663608,Play,5851.98
798,5852.792078890201,5855.292078890201,Play,5853.9
799,5854.957388643418,5857.457388643418,Play,5856.139999999999
800,5857.2537115489995,5859.7537115489995,Play,5858.78
801,5859.529377729694,5862.029377729694,Play,5859.94
802,5860.553503090793,5863.053503090793,Play,5862.34
803,5862.964566720403,5865.464566720403,Play,5864.9
804,5895.583765938944,5898.083765938944,Throw-in,5897.1
805,5901.44474573148,5903.94474573148,Play,5902.54
806,5903.282771765362,5905.782771765362,TacklingGame,5903.86
807,5917.195336470186,5919.695336470186,Throw-in,5918.62
808,5935.818772589668,5938.318772589668,Play,5936.22
809,5944.60885163762,5947.10885163762,None,None
810,5947.0382180935285,5949.5382180935285,Play,5948.54
811,5949.545981601086,5952.045981601086,Play,5950.18
812,5951.625635619031,5954.125635619031,Play,5952.62
813,5953.8355284941235,5956.3355284941235,None,None
814,5958.480177236239,5960.980177236239,TacklingGame,5958.94
815,5959.789822106221,5962.289822106221,None,None
816,5961.899583627872,5964.399583627872,Play,5962.34
817,5963.665385402703,5966.165385402703,Play,5964.18
818,5965.939755356409,5968.439755356409,Play,5966.74
819,5968.173407747171,5970.673407747171,Play,5969.02
820,5970.547665621495,5973.047665621495,None,None
821,5974.210346888449,5976.710346888449,Play,5975.74
822,5977.075064276582,5979.575064276582,None,None
823,5980.611065482952,5983.111065482952,TacklingGame,5982.46
824,5999.003244017133,6001.503244017133,None,None
825,6000.4264812052015,6002.9264812052015,Play,6002.42
826,6004.368908224376,6006.868908224376,None,None
827,6005.571232897142,6008.071232897142,Play,6007.26
828,6009.629659011404,6012.129659011404,None,None
829,6014.7787377774175,6017.2787377774175,Play,6015.86
830,6021.105515677411,6023.605515677411,TacklingGame,6022.0599999999995
831,6028.3476994145385,6030.8476994145385,None,None
832,6042.274242041893,6044.774242041893,Play,6043.0599999999995
833,6044.027701018697,6046.527701018697,None,None
834,6046.509859569196,6049.009859569196,Play,6046.98
835,6047.4832420227385,6049.9832420227385,Play,6048.66
836,6049.531510909944,6052.031510909944,None,None
837,6051.701907038329,6054.201907038329,TacklingGame,6053.62
838,6055.482481029123,6057.982481029123,Play,6056.58
839,6098.14717672571,6100.64717672571,Corner,6098.98
840,6105.72185564659,6108.22185564659,Play,6106.38
841,6108.3629248890065,6110.8629248890065,None,None
842,6111.870914536368,6114.370914536368,Play,6112.38
843,6113.330718695666,6115.830718695666,Play,6113.74
844,6114.668482435158,6117.168482435158,None,None
845,6115.999662876781,6118.499662876781,Play,6117.42
846,6119.831590024276,6122.331590024276,None,None
847,6125.106801216809,6127.606801216809,None,None
848,6178.686569811996,6181.186569811996,Throw-in,6180.139999999999
849,6183.066953137428,6185.566953137428,None,None
850,6187.531274750385,6190.031274750385,Play,6189.38
851,6190.574523948873,6193.074523948873,TacklingGame,6191.34
852,6193.116495329349,6195.616495329349,TacklingGame,6194.1
853,6220.465506412947,6222.965506412947,Throw-in,6221.1
854,6221.581696715622,6224.081696715622,Play,6222.74
855,6240.046220743303,6242.546220743303,Throw-in,6241.299999999999
856,6242.234595375298,6244.734595375298,Play,6243.02
857,6243.748517574454,6246.248517574454,Play,6245.18
858,6245.782830487355,6248.282830487355,Play,6247.18
859,6249.101287421913,6251.601287421913,Play,6249.74
860,6251.3795093678,6253.8795093678,TacklingGame,6253.38
861,6255.803547706194,6258.303547706194,TacklingGame,6256.5
862,6266.996917802211,6269.496917802211,Throw-in,6268.9
863,6269.555952906345,6272.055952906345,Play,6270.26
864,6271.095172302959,6273.595172302959,None,None
865,6274.145935954782,6276.645935954782,Play,6274.58
866,6275.402104933663,6277.902104933663,None,None
867,6276.680300800874,6279.180300800874,Play,6278.0599999999995
868,6280.677119894406,6283.177119894406,Play,6281.26
869,6295.399436459112,6297.899436459112,Corner,6297.3
870,6298.058052741326,6300.558052741326,TacklingGame,6299.42
871,6307.744084074895,6310.244084074895,None,None
872,6312.366447659135,6314.866447659135,Play,6313.78
873,6322.999680638016,6325.499680638016,Throw-in,6324.42
874,6328.341351913739,6330.841351913739,Play,6329.3
875,6330.155027928136,6332.655027928136,Play,6331.42
876,6333.291650616261,6335.791650616261,None,None
877,6336.173403676297,6338.673403676297,Play,6337.0599999999995
878,6338.503163469109,6341.003163469109,None,None
879,6340.526617728683,6343.026617728683,Play,6341.54
880,6342.638573946933,6345.138573946933,TacklingGame,6344.0599999999995
881,6349.333992217013,6351.833992217013,Freekick,6350.7
882,6351.886595455757,6354.386595455757,Play,6352.78
883,6353.283662441414,6355.783662441414,Play,6355.0599999999995
884,6361.862954511835,6364.362954511835,Play,6362.54
885,6364.695006939561,6367.195006939561,None,None
886,6366.350815973893,6368.850815973893,Play,6367.34
887,6373.116667747408,6375.616667747408,None,None
888,6374.75478218951,6377.25478218951,Play,6375.62
889,6377.024297737253,6379.524297737253,None,None
890,6383.623756073395,6386.123756073395,None,None
891,6385.51276910184,6388.01276910184,Play,6386.7
892,6391.939082376719,6394.439082376719,None,None
893,6404.907811088686,6407.407811088686,Play,6406.82
894,6407.688235818494,6410.188235818494,None,None
895,6411.528560542605,6414.028560542605,Play,6412.9400000000005
896,6414.341535349993,6416.841535349993,None,None
897,6415.609135090843,6418.109135090843,Play,6417.02
898,6422.833884709645,6425.333884709645,Play,6423.9400000000005
899,6424.385524493855,6426.885524493855,Play,6426.26
900,6428.036451795484,6430.536451795484,None,None
901,6431.733332212414,6434.233332212414,Play,6432.58
902,6433.076610323094,6435.576610323094,Play,6434.26
903,6435.46032673562,6437.96032673562,Play,6436.38
904,6437.995274177761,6440.495274177761,None,None
905,6440.8754697439945,6443.3754697439945,Play,6441.78
906,6442.6116546995945,6445.1116546995945,Play,6443.26
907,6445.271358983323,6447.771358983323,Play,6445.74
908,6448.36479155722,6450.86479155722,Play,6448.98
909,6450.874184170479,6453.374184170479,Play,6451.5
910,6453.780792783885,6456.280792783885,None,None
911,6455.249623399243,6457.749623399243,Play,6457.3
912,6458.658491980456,6461.158491980456,None,None
913,6460.069358653376,6462.569358653376,Play,6461.26
914,6462.145092341527,6464.645092341527,Play,6463.26
915,6464.037412379483,6466.537412379483,Play,6464.78
916,6465.703216731847,6468.203216731847,None,None
917,6466.780669791002,6469.280669791002,Play,6468.26
918,6469.261983144199,6471.761983144199,None,None
919,6470.003963755398,6472.503963755398,Play,6471.78
920,6473.437980307929,6475.937980307929,None,None
921,6476.112508925662,6478.612508925662,Play,6478.18
922,6479.516710910382,6482.016710910382,None,None
923,6481.520854683445,6484.020854683445,TacklingGame,6482.74
924,6485.272720666564,6487.772720666564,Play,6485.9400000000005
925,6486.8475736998125,6489.3475736998125,TacklingGame,6488.1
926,6488.7585220288975,6491.2585220288975,Play,6490.0599999999995
927,6492.351540482222,6494.851540482222,Play,6493.34
928,6494.183414469975,6496.683414469975,None,None
929,6494.865028569302,6497.365028569302,Play,6496.82
930,6497.816373958698,6500.316373958698,TacklingGame,6499.54
931,6517.130023903566,6519.630023903566,Throw-in,6519.0599999999995
932,6532.330567487219,6534.830567487219,Throw-in,6533.98
933,6534.488485117872,6536.988485117872,Play,6536.42
934,6542.991528274257,6545.491528274257,Throw-in,6544.98
935,6547.447531415548,6549.947531415548,Play,6548.02
936,6549.458842493602,6551.958842493602,None,None
937,6550.155604443205,6552.655604443205,Play,6551.98
938,6554.343723504637,6556.843723504637,None,None
939,6556.991460089899,6559.491460089899,TacklingGame,6558.139999999999
940,6560.354874425563,6562.854874425563,TacklingGame,6561.139999999999
941,6562.142460626248,6564.642460626248,TacklingGame,6563.26
942,6609.100727092361,6611.600727092361,Freekick,6610.9400000000005
943,6616.619676913696,6619.119676913696,TacklingGame,6617.66
944,6641.216073150677,6643.716073150677,Freekick,6642.58
945,6644.217997951604,6646.717997951604,Play,6645.42
946,6646.155462680366,6648.655462680366,Play,6647.18
947,6649.248515320399,6651.748515320399,Play,6650.02
948,6651.681716370079,6654.181716370079,Play,6652.5
949,6653.391892917303,6655.891892917303,None,None
950,6655.656260072534,6658.156260072534,Play,6656.18
951,6656.599687733338,6659.099687733338,Play,6657.66
952,6671.922675195057,6674.422675195057,Throw-in,6672.5
953,6673.198352279231,6675.698352279231,TacklingGame,6674.0599999999995
954,6676.013233242145,6678.513233242145,Play,6676.62
955,6677.517365038832,6680.017365038832,TacklingGame,6678.139999999999
956,6710.918492887025,6713.418492887025,Freekick,6711.34
957,6716.252624134335,6718.752624134335,Play,6716.98
958,6717.998421529908,6720.498421529908,None,None
959,6719.019725864195,6721.519725864195,Play,6720.5
960,6722.874031426489,6725.374031426489,None,None
961,6724.6918073938195,6727.1918073938195,Play,6725.9400000000005
962,6726.999861563831,6729.499861563831,Play,6728.46
963,6729.396970821298,6731.896970821298,None,None
964,6730.780350121237,6733.280350121237,Play,6732.26
965,6733.07744719901,6735.57744719901,Play,6734.66
966,6735.873391284413,6738.373391284413,Play,6737.1
967,6738.236279140675,6740.736279140675,Play,6738.98
968,6768.071478461219,6770.571478461219,Throw-in,6769.7
969,6780.371445678831,6782.871445678831,Throw-in,6781.58
970,6782.0926850824035,6784.5926850824035,Play,6783.34
971,6783.957389590121,6786.457389590121,Play,6785.5
972,6788.834295371466,6791.334295371466,Play,6790.34
973,6791.188396155926,6793.688396155926,None,None
974,6793.3702434527095,6795.8702434527095,Play,6793.82
975,6795.469485156568,6797.969485156568,None,None
976,6796.646562597567,6799.146562597567,Play,6798.74
977,6799.565910885194,6802.065910885194,None,None
978,6800.863585945698,6803.363585945698,Play,6802.66
979,6803.893498784239,6806.393498784239,TacklingGame,6804.82
980,6810.778328318051,6813.278328318051,Freekick,6812.74
981,6814.5157585448305,6817.0157585448305,Play,6815.1
982,6816.461870400673,6818.961870400673,None,None
983,6820.183354268332,6822.683354268332,Play,6821.0599999999995
984,6824.528531034385,6827.028531034385,None,None
985,6830.162862951444,6832.662862951444,Play,6830.62
986,6831.466719281572,6833.966719281572,Play,6832.3
987,6833.147416998034,6835.647416998034,None,None
988,6834.110686261369,6836.610686261369,Play,6835.7
989,6836.760330729157,6839.260330729157,None,None
990,6838.374150973752,6840.874150973752,Play,6839.54
991,6856.182391819406,6858.682391819406,Corner,6856.7
992,6857.76657463967,6860.26657463967,TacklingGame,6858.780000000001
993,6862.327419044066,6864.827419044066,None,None
994,6870.294251954167,6872.794251954167,Play,6871.9400000000005
995,6874.00571850142,6876.50571850142,None,None
996,6877.371577941596,6879.871577941596,TacklingGame,6877.98
997,6901.432261872471,6903.932261872471,Freekick,6902.9
998,6909.602351694998,6912.102351694998,Play,6911.7
999,6912.596385560593,6915.096385560593,None,None
1000,6913.421064538237,6915.921064538237,Play,6915.1
1001,6915.818233509177,6918.318233509177,Play,6916.9
1002,6919.0999216959935,6921.5999216959935,Play,6919.74
1003,6920.632272299174,6923.132272299174,None,None
1004,6922.419455384013,6924.919455384013,Play,6923.74
1005,6943.955798389279,6946.455798389279,Throw-in,6945.3
1006,6947.688217269184,6950.188217269184,Play,6948.46
1007,6960.897152809181,6963.397152809181,Throw-in,6961.5
1008,6964.2065455207985,6966.7065455207985,Play,6964.7
1009,6965.1,6967.6,Play,6965.5
1010,6967.080460153834,6969.580460153834,Play,6968.54
